{
    "productLists": [
      {
        "name": "Product List 1",
        "products": [
          {
            "name": "M 1000 RR",
            "price": 39800,
            "image": "img/schema/blob_https___www.bmw-motorrad.nl_9b51a408-731b-4f1d-a1c8-681f1d1b4e19",
            "brand": "bmw"
          },
          {
            "name": "M 1000 R",
            "price": 25500,
            "image": "img/schema/blob_https___www.bmw-motorrad.nl_9e06d2cb-7d27-415e-a968-cf2619762ced",
            "brand": "bmw"
          },
          {
            "name": "S 1000 RR",
            "price": 24200,
            "image": "img/schema/blob_https___www.bmw-motorrad.nl_1de80f39-1420-47dc-8cc0-95807b335155",
            "brand": "bmw"
          },
          {
            "name": "R 1250 RS",
            "price": 18800,
            "image": "img/schema/blob_https___www.bmw-motorrad.nl_42aed20d-b22f-4d2a-a618-cf7b27e458b0",
            "brand": "bmw"
          },
          {
            "name": "S 1000 XR",
            "price": 23100,
            "image": "img/schema/blob_https___www.bmw-motorrad.nl_486596b7-393f-42a9-9d42-8ea1f14399c2",
            "brand": "bmw"
          },
          {
            "name": "F 900 XR",
            "price": 14650,
            "image": "img/schema/blob_https___www.bmw-motorrad.nl_7bd414f7-90ca-4b87-805b-8a531fb8bd2a",
            "brand": "bmw"
          },
          {
            "name": "R1M",
            "price": 30599,
            "image": "img/schema/2022-Yamaha-YZF1000R1SPL-EU-Icon_Performance-Studio-001-03.jpg",
            "brand": "yamaha"
          },
          {
            "name": "R1",
            "price": 23499,
            "image": "img/schema/2022-Yamaha-YZF1000R1-EU-Icon_Blue-Studio-001-03.jpg",
            "brand": "yamaha"
          },
          {
            "name": "R1 GYTR",
            "price": 28299,
            "image": "img/schema/2023-Yamaha-YZF1000R1GYTR-EU-Primer_White-Studio-001-03.jpg",
            "brand": "yamaha"
          },
          {
            "name": "R7",
            "price": 11099,
            "image": "img/schema/2022-Yamaha-YZF700R7-EU-Icon_Blue_-Studio-001-03.jpg",
            "brand": "yamaha"
          },
          {
            "name": "R6 RACE",
            "price": 14299,
            "image": "img/schema/2023-Yamaha-YZF600R6RCOMP-EU-Tech_Black-Studio-001-03.jpg",
            "brand": "yamaha"
          },
          {
            "name": "Ninja H2R",
            "price": 56400,
            "image": "img/schema/19ZX1000Y_201GY3DRS1CG_A.png",
            "brand": "kawasaki"
          },
          {
            "name": "Z H2SE",
            "price": 24849,
            "image": "img/schema/23MY_Z H2 SE_GY2_STU (1).001.png",
            "brand": "kawasaki"
          },
          {
            "name": "Z H2",
            "price": 22249,
            "image": "img/schema/23MY_Z H2_GY1_STU (3).001.png",
            "brand": "kawasaki"
          },
          {
            "name": "Z125",
            "price": 5599,
            "image": "img/schema/23MY_Z125_GY1_STU (1).001.png",
            "brand": "kawasaki"
          },
          {
            "name": "Ninja650",
            "price": 9099,
            "image": "img/schema/23MY_Ninja_650_GN1_STU__1_.png",
            "brand": "kawasaki"
          },
          {
            "name": "CBR1000RR-R Fireblade 30th Anniversary",
            "price": 32699,
            "image": "img/schema/c4 (1).png",
            "brand": "honda"
          },
          {
            "name": "CBR1000RR-R Fireblade SP",
            "price": 32499,
            "image": "img/schema/c4.png",
            "brand": "honda"
          },
          {
            "name": "CBR650R",
            "price": 32499,
            "image": "img/schema/c4 (3).png",
            "brand": "honda"
          },
          {
            "name": "CBR1000RR-R Fireblade",
            "price": 11699,
            "image": "img/schema/c4 (2).png",
            "brand": "honda"
          },
          {
            "name": "CBR1000RR-R Fireblade",
            "price": 11699,
            "image": "img/schema/c4 (2).png",
            "brand": "honda"
          }
        ]
      },
      {
        "name": "Product List 2",
        "products": [
          {
            "name": "Product 1",
            "price": 39.99,
            "image": "https://example.com/product3.jpg",
            "brand": "Brand 3"
          },
          {
            "name": "Product 2",
            "price": 49.99,
            "image": "https://example.com/product4.jpg",
            "brand": "Brand 4"
          }
        ]
      },
      {
        "name": "Product List 3",
        "products": [
          {
            "name": "M 1000 RR",
            "price": 39800,
            "image": "img/schema/blob_https___www.bmw-motorrad.nl_9b51a408-731b-4f1d-a1c8-681f1d1b4e19",
            "brand": "bmw"
          },
          {
            "name": "M 1000 R",
            "price": 25500,
            "image": "img/schema/blob_https___www.bmw-motorrad.nl_9e06d2cb-7d27-415e-a968-cf2619762ced",
            "brand": "bmw"
          },
          {
            "name": "S 1000 RR",
            "price": 24200,
            "image": "img/schema/blob_https___www.bmw-motorrad.nl_1de80f39-1420-47dc-8cc0-95807b335155",
            "brand": "bmw"
          }
        ]
      }
    ]
  }
  